id;u_uid;nome;r_g;c_pf
1;Wooden payment;Oregon;Multi-layered Data;magenta Village Usability
2;Tasty Frozen Sausages black;Human syndicate;Refined Cheese deposit;value-added Avon
3;Berkshire virtual Fantastic;Manager;copying;primary Incredible Frozen Mouse
4;Practical Granite Bike;e-business Arkansas Wooden;deliverables zero defect Tuna;Central hacking Philippine Peso
5;Up-sized;interface;orange;content Lithuania
6;port Assimilated Fresh;Senior;calculating;microchip analyzer
7;generating Maryland;Plains Concrete;gold;Kansas intermediate Buckinghamshire
8;Investment Account Customer European Unit of Account 17(E.U.A.-17);website;invoice;Tugrik collaboration
9;Oregon Home Loan Account;portals Shoes;brand;New Jersey Steel bypassing
10;Toys;Bouvet Island (Bouvetoya) compressing;Consultant dedicated;Assurance quantify sensor
